name,domain,modalities,scale_or_highlight,project_role,url,access_note
NeRSemble,Face/Avatar,"multi-view RGB video,dynamic facial performance,camera calibration","large multi-view facial performance dataset",Gaussian avatar training/evaluation,https://github.com/tobias-kirschstein/nersemble-data,"Check original data license and terms"
FaceScape,Face/Avatar,"3D face meshes,expressions,multi-view images","847 identities x 20 expressions; large multi-view image corpus",3D face reconstruction/expression validation,https://github.com/zhuhao-nju/facescape,"Research-use terms apply"
MultiFace,Face/Avatar,"multi-view video,tracked meshes,textures,audio,calibration","13 identities; dense multi-view performance capture",dynamic face validation,https://github.com/facebookresearch/multiface,"Mini subset useful for prototyping"
VOCASET,Speech/4D Face,"4D face scans,audio,speech motion","12 speakers; 480 sequences; 60 fps",speech-driven facial animation and tooth display,https://voca.is.tue.mpg.de/,"Registration/application required"
BIWI 3D Audiovisual,Speech/4D Face,"3D facial motion,audio,tracked meshes","14 subjects x 40 sentences",speech/jaw-lip motion research,https://data.vision.ee.ethz.ch/cvl/datasets/b3dac2.en.html,"Check dataset terms"
3DTeethSeg / Teeth3DS,Dental IOS,"OBJ intraoral scans,tooth instances,FDI labels,gingiva","1800 scans from 900 patients",tooth segmentation and IOS preprocessing,https://github.com/abenhamadou/3DTeethSeg_MICCAI_Challenges,"Challenge/data-use terms apply"
3D multimodal dental dataset based on CBCT and oral scan,Multimodal Dental,"paired CBCT,oral scan","289 paired subjects",CBCT-IOS registration and digital patient,https://figshare.com/articles/dataset/_b_3D_multimodal_dental_dataset_based_on_CBCT_and_oral_scan_b_/26965903,"CC BY 4.0 per source"
ToothFairy2,Dental CBCT,"CBCT,voxel-level anatomical labels","480 public training CBCT volumes; detailed maxillofacial labels",CBCT segmentation/full digital twin,https://toothfairy2.grand-challenge.org/,"Challenge terms apply"
Premolar extraction and mandibular kinematics,Jaw Kinematics,"3D computerized axiography,CADIAX,condylar movement variables,speech movement variables","90 subjects: 45 extraction-treated patients + 45 paired untreated controls",jaw-kinematics modelling and validation,https://data.mendeley.com/datasets/3tcs5c47jg,"CC BY 4.0; summary/derived kinematic variables rather than full synchronized dental 4D anatomy"
Jaw biodynamic data for chronic unilateral TMD,Jaw Kinematics/TMJ,"condylar path,lateral jaw motion,K7 jaw tracking,clinical variables","24 adult TMD patients",functional jaw-motion and TMJ validation,https://datadryad.org/dataset/doi%3A10.5061/dryad.n5d23,"Open Dryad dataset; primarily tabular/derived measurements rather than frame-by-frame 4D geometry"
Accelerometry-enhanced magnetic jaw tracking,Jaw Sensor/Tracking,"3-axis magnetometer,accelerometry,3D jaw-trajectory simulator data","bench/simulator validation; trajectory RMSE reported",prototype jaw-motion sensing and algorithm validation,https://figshare.com/articles/dataset/Accelerometry-enhanced_Magnetic_Sensor_for_Intra-oral_Continuous_Jaw_Motion_Tracking_and_Bruxism_Detection/13397528/1,"CC BY 4.0; engineering dataset, not a complete same-patient dental digital-twin cohort"
